{
	"partitions" : [
		{
			"name" : "Top",
			"pins" : [
				{
					"name" : "ledr[0]",
					"strict" : false
				},
				{
					"name" : "ledr[1]",
					"strict" : false
				},
				{
					"name" : "ledr[2]",
					"strict" : false
				},
				{
					"name" : "ledr[3]",
					"strict" : false
				},
				{
					"name" : "ledr[4]",
					"strict" : false
				},
				{
					"name" : "ledr[5]",
					"strict" : false
				},
				{
					"name" : "ledr[6]",
					"strict" : false
				},
				{
					"name" : "ledr[7]",
					"strict" : false
				},
				{
					"name" : "sw[0]",
					"strict" : false
				},
				{
					"name" : "sw[4]",
					"strict" : false
				},
				{
					"name" : "sw[16]",
					"strict" : false
				},
				{
					"name" : "sw[1]",
					"strict" : false
				},
				{
					"name" : "sw[5]",
					"strict" : false
				},
				{
					"name" : "sw[2]",
					"strict" : false
				},
				{
					"name" : "sw[6]",
					"strict" : false
				},
				{
					"name" : "sw[3]",
					"strict" : false
				},
				{
					"name" : "sw[7]",
					"strict" : false
				},
				{
					"name" : "sw[8]",
					"strict" : false
				},
				{
					"name" : "sw[12]",
					"strict" : false
				},
				{
					"name" : "sw[9]",
					"strict" : false
				},
				{
					"name" : "sw[13]",
					"strict" : false
				},
				{
					"name" : "sw[10]",
					"strict" : false
				},
				{
					"name" : "sw[14]",
					"strict" : false
				},
				{
					"name" : "sw[11]",
					"strict" : false
				},
				{
					"name" : "sw[15]",
					"strict" : false
				}
			]
		}
	]
}