{
	"partitions" : [
		{
			"name" : "Top",
			"pins" : [
				{
					"name" : "LEDG[0]",
					"strict" : false
				},
				{
					"name" : "LEDG[1]",
					"strict" : false
				},
				{
					"name" : "LEDG[2]",
					"strict" : false
				},
				{
					"name" : "LEDG[3]",
					"strict" : false
				},
				{
					"name" : "SW[0]",
					"strict" : false
				},
				{
					"name" : "SW[4]",
					"strict" : false
				},
				{
					"name" : "SW[8]",
					"strict" : false
				},
				{
					"name" : "SW[1]",
					"strict" : false
				},
				{
					"name" : "SW[5]",
					"strict" : false
				},
				{
					"name" : "SW[2]",
					"strict" : false
				},
				{
					"name" : "SW[6]",
					"strict" : false
				},
				{
					"name" : "SW[3]",
					"strict" : false
				},
				{
					"name" : "SW[7]",
					"strict" : false
				}
			]
		}
	]
}