{
	"partitions" : [
		{
			"name" : "Top",
			"pins" : [
				{
					"name" : "ledG[0]",
					"strict" : false
				},
				{
					"name" : "ledG[1]",
					"strict" : false
				},
				{
					"name" : "ledG[2]",
					"strict" : false
				},
				{
					"name" : "ledG[3]",
					"strict" : false
				},
				{
					"name" : "sw[0]",
					"strict" : false
				},
				{
					"name" : "sw[4]",
					"strict" : false
				},
				{
					"name" : "sw[1]",
					"strict" : false
				},
				{
					"name" : "sw[2]",
					"strict" : false
				},
				{
					"name" : "sw[3]",
					"strict" : false
				}
			]
		}
	]
}